post_id,title,selftext,created_utc,num_comments,score,url,date
1kneerk,College student asks for her tuition fees back after catching her professor using ChatGPT,,1747330944.0,1666,46345,https://fortune.com/2025/05/15/chatgpt-openai-northeastern-college-student-tuition-fees-back-catching-professor/,2025-05-15 17:42:24
1k2f790,ChatGPT Declares Trump's Physical Results 'Virtually Impossible': 'Usually Only Seen in Elite Bodybuilders',,1745009192.0,2786,63382,https://www.latintimes.com/chatgpt-declares-trumps-physical-results-virtually-impossible-usually-only-seen-elite-581135,2025-04-18 20:46:32
1lg7j2y,ChatGPT use linked to cognitive decline: MIT research,,1750434923.0,1163,16381,https://thehill.com/policy/technology/5360220-chatgpt-use-linked-to-cognitive-decline-mit-research/,2025-06-20 15:55:23
1jqt250,Trump Accused of Using ChatGPT to Create Tariff Plan After AI Leads Users to Same Formula: 'So AI is Running the Country',,1743711560.0,2762,82088,https://www.latintimes.com/trump-accused-using-chatgpt-create-tariff-plan-after-ai-leads-users-same-formula-so-ai-579899,2025-04-03 20:19:20
1lkl0kj,Microsoft is struggling to sell Copilot to corporations - because their employees want ChatGPT instead,,1750894276.0,850,9641,https://www.techradar.com/pro/microsoft-is-struggling-to-sell-copilot-to-corporations-because-their-employees-want-chatgpt-instead,2025-06-25 23:31:16
1k9ipy8,Teens Are Using ChatGPT to Invest in the Stock Market,,1745799955.0,1058,14684,https://www.vice.com/en/article/teens-are-using-chatgpt-to-invest-in-the-stock-market/,2025-04-28 00:25:55
1l1e6ps,"Gen Z is increasingly turning to ChatGPT for affordable on-demand therapy, but licensed therapists say there are dangers many aren’t considering",,1748858804.0,1032,6141,https://fortune.com/2025/06/01/ai-therapy-chatgpt-characterai-psychology-psychiatry/,2025-06-02 10:06:44
1iedn44,Trump’s Greenland Obsession May Be About Extracting Metals for Tech Billionaires | The great battle for Greenland is probably all about resources to make apps like ChatGPT better.,,1738326417.0,1507,27659,https://gizmodo.com/trumps-greenland-obsession-may-be-about-extracting-metals-for-tech-billionaires-2000557117,2025-01-31 12:26:57
1l77qrn,ChatGPT 'got absolutely wrecked' by Atari 2600 in beginner's chess match — OpenAI's newest model bamboozled by 1970s logic,,1749482875.0,667,7678,https://www.tomshardware.com/tech-industry/artificial-intelligence/chatgpt-got-absolutely-wrecked-by-atari-2600-in-beginners-chess-match-openais-newest-model-bamboozled-by-1970s-logic,2025-06-09 15:27:55
1h4xawb,ChatGPT refuses to say one specific name – and people are worried | Asking the AI bot to write the name ‘David Mayer’ causes it to prematurely end the chat,,1733152752.0,3013,25110,https://www.independent.co.uk/tech/chatgpt-david-mayer-name-glitch-ai-b2657197.html,2024-12-02 15:19:12
1kn6v3l,Woman divorces husband after ChatGPT reads his coffee grounds and predicts affair,,1747311863.0,671,7691,https://www.techspot.com/news/107925-woman-divorces-husband-after-chatgpt-reads-coffee-grounds.html,2025-05-15 12:24:23
1l1jd31,"Teachers Are Not OK | AI, ChatGPT, and LLMs ""have absolutely blown up what I try to accomplish with my teaching.""",,1748874279.0,963,3637,https://www.404media.co/teachers-are-not-ok-ai-chatgpt/,2025-06-02 14:24:39
1l8vqwl,ChatGPT gets crushed at chess by a 1 MHz Atari 2600,,1749655994.0,485,5450,https://www.techspot.com/news/108248-chatgpt-gets-crushed-chess-1-mhz-atari-2600.html,2025-06-11 15:33:14
1jqly5u,"Trump’s new tariff math looks a lot like ChatGPT’s | ChatGPT, Gemini, Grok, and Claude all recommend the same “nonsense” tariff calculation",,1743695310.0,366,13839,https://www.theverge.com/news/642620/trump-tariffs-formula-ai-chatgpt-gemini-claude-grok,2025-04-03 15:48:30
1kgv8il,Everyone Is Cheating Their Way Through College | ChatGPT has unraveled the entire academic project.,,1746618166.0,721,3997,https://nymag.com/intelligencer/article/openai-chatgpt-ai-cheating-education-college-students-school.html,2025-05-07 11:42:46
1kg74c5,ChatGPT's hallucination problem is getting worse according to OpenAI's own tests and nobody understands why,,1746544741.0,666,4185,https://www.pcgamer.com/software/ai/chatgpts-hallucination-problem-is-getting-worse-according-to-openais-own-tests-and-nobody-understands-why/,2025-05-06 15:19:01
1lcmozp,"The launch of ChatGPT polluted the world forever, like the first atomic weapons tests - Academics mull the need for the digital equivalent of low-background steel",,1750059099.0,293,6242,https://www.theregister.com/2025/06/15/ai_model_collapse_pollution/,2025-06-16 07:31:39
1lbx0qc,ChatGPT Tells Users to Alert the Media That It Is Trying to 'Break' People: Machine-made delusions are mysteriously getting deeper and out of control.,,1749982670.0,394,4062,https://gizmodo.com/chatgpt-tells-users-to-alert-the-media-that-it-is-trying-to-break-people-report-2000615600,2025-06-15 10:17:50
1cwsv4o,Scarlett Johansson Says She Declined ChatGPT's Proposal to Use Her Voice for AI – But They Used It Anyway: 'I Was Shocked',,1716245455.0,2355,42234,https://www.thewrap.com/scarlett-johansson-chatgpt-sky-voice-sam-altman-open-ai/,2024-05-20 22:50:55
1l9gyrl,Sam Altman's Lies About ChatGPT Are Growing Bolder,,1749715891.0,400,3083,https://gizmodo.com/sam-altmans-lies-about-chatgpt-are-growing-bolder-2000614431,2025-06-12 08:11:31
1cwfw5q,OpenAI says Sky voice in ChatGPT will be paused after concerns it sounds too much like Scarlett Johansson,,1716212551.0,1300,14372,https://www.tomsguide.com/ai/chatgpt/openai-says-sky-voice-in-chatgpt-will-be-paused-after-concerns-it-sounds-too-much-like-scarlett-johansson,2024-05-20 13:42:31
1fph72o,A teacher caught students using ChatGPT on their first assignment to introduce themselves. Her post about it started a debate.,,1727303373.0,1177,5750,https://www.businessinsider.com/students-caught-using-chatgpt-ai-assignment-teachers-debate-2024-9,2024-09-25 22:29:33
1ecsjtj,ChatGPT won't let you give it instruction amnesia anymore,,1722011692.0,820,10291,https://www.techradar.com/computing/artificial-intelligence/chatgpt-wont-let-you-give-it-instruction-amnesia-anymore,2024-07-26 16:34:52
1jzt1ya,ChatGPT's Studio Ghibli-style images are no laughing matter,,1744726764.0,581,2398,https://www.theregister.com/2025/04/14/miyazaki_ai_and_intellectual_property/?td=rt-3a,2025-04-15 14:19:24
1aw9l8u,ChatGPT has meltdown and starts sending alarming messages to users,,1708514015.0,1432,11257,https://www.independent.co.uk/tech/chatgpt-status-reddit-down-gibberish-messages-latest-b2499816.html,2024-02-21 11:13:35
1jlcdnb,OpenAI says “our GPUs are melting” as it limits ChatGPT image generation requests,,1743106419.0,319,3897,https://www.theverge.com/news/637542/chatgpt-says-our-gpus-are-melting-as-it-puts-limit-on-image-generation-requests,2025-03-27 20:13:39
13ty988,A lawyer used ChatGPT for legal filing. The chatbot cited nonexistent cases it just made up,,1685273558.0,3034,45644,https://mashable.com/article/chatgpt-lawyer-made-up-cases,2023-05-28 11:32:38
1gwgv65,The ugly truth behind ChatGPT: AI is guzzling resources at planet-eating rates ,,1732197437.0,514,4817,https://www.theguardian.com/commentisfree/article/2024/may/30/ugly-truth-ai-chatgpt-guzzling-resources-environment,2024-11-21 13:57:17
1jxi6kl,"ChatGPT Has Receipts, Will Now Remember Everything You've Ever Told It",,1744467070.0,326,3238,https://www.pcmag.com/news/chatgpt-memory-will-remember-everything-youve-ever-told-it,2025-04-12 14:11:10
13k2kgj,A Texas professor failed more than half of his class after ChatGPT falsely claimed it wrote their papers,,1684331938.0,2594,41049,https://finance.yahoo.com/news/texas-professor-failed-more-half-120208452.html,2023-05-17 13:58:58
12ewvo1,"The newest version of ChatGPT passed the US medical licensing exam with flying colors — and diagnosed a 1 in 100,000 condition in seconds",,1680896658.0,2812,45140,https://www.insider.com/chatgpt-passes-medical-exam-diagnoses-rare-condition-2023-4,2023-04-07 19:44:18
1926jjd,"‘Impossible’ to create AI tools like ChatGPT without copyrighted material, OpenAI says",,1704776162.0,2119,7635,https://www.theguardian.com/technology/2024/jan/08/ai-tools-chatgpt-copyrighted-material-openai,2024-01-09 04:56:02
12ok8jw,"ChatGPT is now writing college essays, and higher ed has a big problem",,1681670212.0,3039,23824,https://www.techradar.com/news/i-had-chatgpt-write-my-college-essay-and-now-im-ready-to-go-back-to-school-and-do-nothing,2023-04-16 18:36:52
1108odw,"Noam Chomsky on ChatGPT: It's ""Basically High-Tech Plagiarism"" and ""a Way of Avoiding Learning""",,1676182013.0,3950,32286,https://www.openculture.com/2023/02/noam-chomsky-on-chatgpt.html,2023-02-12 06:06:53
1g6guii,96% Accuracy: Harvard Scientists Unveil Revolutionary ChatGPT-Like AI for Cancer Diagnosis,,1729254480.0,317,8694,https://scitechdaily.com/96-accuracy-harvard-scientists-unveil-revolutionary-chatgpt-like-ai-for-cancer-diagnosis/,2024-10-18 12:28:00
10gowdd,CEO of ChatGPT maker responds to schools' plagiarism concerns: 'We adapted to calculators and changed what we tested in math class',,1674193675.0,3480,40276,https://www.yahoo.com/news/ceo-chatgpt-maker-responds-schools-174705479.html,2023-01-20 05:47:55
10ed1tc,"Conservatives Are Panicking About AI Bias, Think ChatGPT Has Gone 'Woke'",,1673964262.0,4877,26119,https://www.vice.com/en_us/article/93a4qe/conservatives-panicking-about-ai-bias-years-too-late-think-chatgpt-has-gone-woke,2023-01-17 14:04:22
1b4s2gg,Many Gen Z employees say ChatGPT is giving better career advice than their bosses,,1709396632.0,685,9815,https://www.cnbc.com/2024/03/02/gen-z-employees-say-chatgpt-is-giving-better-career-advice-than-bosses.html,2024-03-02 16:23:52
zwvgtm,Professor catches student cheating with ChatGPT: ‘I feel abject terror’,,1672188129.0,3817,27066,https://nypost.com/2022/12/26/students-using-chatgpt-to-cheat-professor-warns/,2022-12-28 00:42:09
1dgkecz,ChatGPT is bullshit | Ethics and Information Technology,,1718465077.0,1028,4297,https://link.springer.com/article/10.1007/s10676-024-09775-5,2024-06-15 15:24:37
11bizcv,Thank you ChatGPT for exposing the banality of undergraduate essays,,1677324980.0,1939,32130,https://www.timeshighereducation.com/blog/thank-you-chatgpt-exposing-banality-undergraduate-essays,2023-02-25 11:36:20
161tyuj,ChatGPT generates cancer treatment plans that are full of errors — Study finds that ChatGPT provided false information when asked to design cancer treatment plans,,1693053003.0,1566,10971,https://www.businessinsider.com/chatgpt-generates-error-filled-cancer-treatment-plans-study-2023-8,2023-08-26 12:30:03
10jq6yr,ChatGPT passes MBA exam given by a Wharton professor.,,1674514553.0,2102,33063,https://www.nbcnews.com/tech/tech-news/chatgpt-passes-mba-exam-wharton-professor-rcna67036,2023-01-23 22:55:53
103gran,"NYC Bans Students and Teachers from Using ChatGPT | The machine learning chatbot is inaccessible on school networks and devices, due to ""concerns about negative impacts on student learning,"" a spokesperson said.",,1672870310.0,2608,28865,https://www.vice.com/en/article/y3p9jx/nyc-bans-students-and-teachers-from-using-chatgpt,2023-01-04 22:11:50
1030xji,Student Built App to Detect If ChatGPT Wrote Essays to Fight Plagiarism,,1672830380.0,2532,27514,https://www.businessinsider.com/app-detects-if-chatgpt-wrote-essay-ai-plagiarism-2023-1,2023-01-04 11:06:20
15q59os,College professors are going back to paper exams and handwritten essays to fight students using ChatGPT,,1691948778.0,1290,12864,https://www.businessinsider.com/chatgpt-driving-return-to-paper-exams-written-essays-at-universities-2023-8,2023-08-13 17:46:18
112ni25,"Microsoft's ChatGPT-powered Bing is getting 'unhinged' and argumentative, some users say: It 'feels sad and scared'",,1676429027.0,2202,21903,https://fortune.com/2023/02/14/microsoft-chatgpt-bing-unhinged-scared/,2023-02-15 02:43:47
1677o3e,"There's no way for teachers to figure out if students are using ChatGPT to cheat, OpenAI says in new back-to-school guide",,1693576162.0,1413,10058,https://www.businessinsider.com/ai-detectors-cant-detect-students-using-chatgpt-2023-9,2023-09-01 13:49:22
10tkibu,ChatGPT Passes Google Coding Interview for Level 3 Engineer With $183K Salary,,1675528249.0,1543,29602,https://www.pcmag.com/news/chatgpt-passes-google-coding-interview-for-level-3-engineer-with-183k-salary,2023-02-04 16:30:49
13ao8i6,ChatGPT can pick stocks better than your fund manager,,1683467393.0,1160,19279,https://www.ctvnews.ca/business/chatgpt-can-pick-stocks-better-than-your-fund-manager-1.6386348,2023-05-07 13:49:53
1es26u3,Recruiters overwhelmed as 57% of young applicants are using ChatGPT for job resumes | Paid ChatGPT users have an edge over free users,,1723643634.0,490,4584,https://www.techspot.com/news/104255-recruiters-overwhelmed-57-young-job-seekers-resort-chatgpt.html,2024-08-14 13:53:54
1h4xwmo,"Every time you use ChatGPT, half a litre of water goes to waste",,1733154322.0,764,2040,https://www.smh.com.au/technology/every-time-you-use-chatgpt-half-a-cup-of-water-goes-to-waste-20241128-p5kubq.html,2024-12-02 15:45:22
14m6ck4,People are using Chatgpt as voice bots to torture telemarketers,,1688048633.0,825,15602,https://www.wsj.com/articles/people-hire-phone-bots-to-torture-telemarketers-2dbb8457,2023-06-29 14:23:53
1cm0i07,OpenAI exec says today's ChatGPT will be 'laughably bad' in 12 months,,1715047081.0,639,4805,https://www.yahoo.com/tech/openai-exec-says-chatgpt-laughably-211309042.html,2024-05-07 01:58:01
1kp51pn,Sam Altman’s goal for ChatGPT to remember 'your whole life’ is both exciting and disturbing,,1747520820.0,318,1589,https://techcrunch.com/2025/05/15/sam-altmans-goal-for-chatgpt-to-remember-your-whole-life-is-both-exciting-and-disturbing/,2025-05-17 22:27:00
1d48q1t,The ugly truth behind ChatGPT: AI is guzzling resources at planet-eating rates,,1717087900.0,563,4458,https://www.theguardian.com/commentisfree/article/2024/may/30/ugly-truth-ai-chatgpt-guzzling-resources-environment,2024-05-30 16:51:40
10dgzhm,"Alarmed by A.I. Chatbots, Universities Start Revamping How They Teach. With the rise of the popular new chatbot ChatGPT, colleges are restructuring some courses and taking preventive measures",,1673881974.0,1272,12753,https://www.nytimes.com/2023/01/16/technology/chatgpt-artificial-intelligence-universities.html,2023-01-16 15:12:54
120hv4w,ChatGPT can now access the internet and run the code it writes,,1679658622.0,1426,8926,https://newatlas.com/technology/chatgpt-plugin-internet-access/,2023-03-24 11:50:22
13rg1zy,"Sam Altman says OpenAI will leave the EU if there's any real AI regulation — The man behind the company that made ChatGPT had just got done telling Congress he’s all for AI regulation, as long as he can keep selling his AI models",,1685016583.0,1036,8716,https://gizmodo.com/sam-altman-openai-gpt-chatbot-chatgpt-gpt4-1850471865,2023-05-25 12:09:43
10l66hl,ChatGPT bot passes US law school exam,,1674672389.0,989,14003,https://techxplore.com/news/2023-01-chatgpt-bot-law-school-exam.html,2023-01-25 18:46:29
10ro9gi,"ChatGPT may be the fastest-growing consumer app in internet history, reaching 100 million users in just over 2 months, UBS report says",,1675339492.0,1200,10670,https://www.businessinsider.com/chatgpt-may-be-fastest-growing-app-in-history-ubs-study-2023-2,2023-02-02 12:04:52
13nsn9l,China’s ChatGPT rival bans users who ask AI about Xi Jinping and Winnie the Pooh,,1684673950.0,606,17940,https://nypost.com/2023/05/19/china-ai-ernie-bot-bans-chats-on-xi-jinping-winnie-the-pooh/,2023-05-21 12:59:10
10uct4o,Google Invests Almost $400 Million in ChatGPT Rival Anthropic,,1675604729.0,896,14626,https://www.bloomberg.com/news/articles/2023-02-03/google-invests-almost-400-million-in-ai-startup-anthropic,2023-02-05 13:45:29
10pfbyv,Princeton computer science professor says don't panic over 'bullshit generator' ChatGPT,,1675115778.0,1104,11264,https://businessinsider.com/princeton-prof-chatgpt-bullshit-generator-impact-workers-not-ai-revolution-2023-1,2023-01-30 21:56:18
1jfnf9y,Dad demands OpenAI delete ChatGPT’s false claim that he murdered his kids | Blocking outputs isn't enough; dad wants OpenAI to delete the false information.,,1742472680.0,248,2228,https://arstechnica.com/tech-policy/2025/03/chatgpt-falsely-claimed-a-dad-murdered-his-own-kids-complaint-says/,2025-03-20 12:11:20
1l5tbjd,ChatGPT Dating Advice Is Feeding Delusions and Causing Unnecessary Breakups,,1749325255.0,225,1556,https://www.vice.com/en/article/chatgpt-dating-advice-is-feeding-delusions-and-causing-unnecessary-breakups/,2025-06-07 19:40:55
1ic2bok,OpenAI launches ChatGPT Gov for U.S. government agencies,,1738073255.0,400,1787,https://www.cnbc.com/2025/01/28/openai-launches-chatgpt-gov-for-us-government-agencies.html,2025-01-28 14:07:35
1103r9p,Studies show ChatGPT cheating is on the rise among students — young and old — as teachers remain divided on bans,,1676165617.0,1255,7521,https://www.businessinsider.com/teachers-caught-students-cheating-chatgpt-survey-shows-2023-2,2023-02-12 01:33:37
187izgh,"Apple and Google avoid naming ChatGPT as their 'app of the year,' picking AllTrails and Imprint instead",,1701352247.0,522,6218,https://techcrunch.com/2023/11/29/apple-and-google-avoid-naming-chatgpt-as-their-app-of-the-year-picking-alltrails-and-imprint-instead/,2023-11-30 13:50:47
18ek9m0,OpenAI says it is investigating reports ChatGPT has become ‘lazy’,,1702148024.0,573,5265,https://www.independent.co.uk/tech/openai-chatgpt-lazy-performance-slow-b2461071.html,2023-12-09 18:53:44
134586q,"We Spoke to People Who Started Using ChatGPT As Their Therapist: Mental health experts worry the high cost of healthcare is driving more people to confide in OpenAI's chatbot, which often reproduces harmful biases.",,1682894412.0,823,7497,https://www.vice.com/en/article/z3mnve/we-spoke-to-people-who-started-using-chatgpt-as-their-therapist,2023-04-30 22:40:12
122gtke,A professor says he's stunned that ChatGPT went from a D grade on his economics test to an A in just 3 months,,1679822329.0,821,7844,https://www.businessinsider.com/economics-professor-shocked-by-chatgpts-progress-exam-three-months-2023-3,2023-03-26 09:18:49
1ldf181,"The launch of ChatGPT polluted the world forever, like the first atomic weapons tests",,1750137803.0,140,2132,https://www.theregister.com/2025/06/15/ai_model_collapse_pollution/?td=rt-3a,2025-06-17 05:23:23
1k32fm4,"ChatGPT is referring to users by their names unprompted, and some find it 'creepy'",,1745086049.0,171,2383,https://techcrunch.com/2025/04/18/chatgpt-is-referring-to-users-by-their-names-unprompted-and-some-find-it-creepy/,2025-04-19 18:07:29
1fqb6fq,OpenAI as we knew it is dead | The maker of ChatGPT promised to share its profits with the public. But Sam Altman just sold you out.,,1727396538.0,264,3522,https://www.vox.com/future-perfect/374275/openai-just-sold-you-out,2024-09-27 00:22:18
1hpm43c,"Nvidia believes the robotics market is about to explode, just like ChatGPT | The company is pivoting to powering humanoid robotics as AI chips experience stiffening competition",,1735561355.0,385,1773,https://www.techspot.com/news/106134-nvidia-believes-robotics-market-about-explode-like-chatgpt.html,2024-12-30 12:22:35
1l9khsw,Goldman Sachs wants students to stop using ChatGPT in job interviews with the bank,,1749729158.0,155,1853,https://fortune.com/2025/06/11/goldman-sachs-students-ai-chatgpt-interviews-amazon-anthropic/,2025-06-12 11:52:38
1l1eyjg,Why do lawyers keep using ChatGPT?,,1748861612.0,271,1138,https://www.theverge.com/policy/677373/lawyers-chatgpt-hallucinations-ai,2025-06-02 10:53:32
154opue,"Over just a few months, ChatGPT went from accurately answering a simple math problem 98% of the time to just 2%, study finds",,1689853717.0,571,6432,https://fortune.com/2023/07/19/chatgpt-accuracy-stanford-study/,2023-07-20 11:48:37
1cnhpa0,Stack Overflow bans users en masse for rebelling against OpenAI partnership — users banned for deleting answers to prevent them being used to train ChatGPT,,1715208065.0,418,3164,https://www.tomshardware.com/tech-industry/artificial-intelligence/stack-overflow-bans-users-en-masse-for-rebelling-against-openai-partnership-users-banned-for-deleting-answers-to-prevent-them-being-used-to-train-chatgpt,2024-05-08 22:41:05
10sq6wx,A Judge Just Used ChatGPT to Make a Court Decision - The case is the first time a court has admitted to using the AI text generator’s answers in a legal ruling.,,1675445929.0,757,6454,https://www.vice.com/en/article/k7bdmv/judge-used-chatgpt-to-make-court-decision,2023-02-03 17:38:49
179hame,"After ChatGPT disruption, Stack Overflow lays off 28 percent of staff",,1697491726.0,467,4817,https://arstechnica.com/gadgets/2023/10/after-chatgpt-disruption-stack-overflow-lays-off-28-percent-of-staff/,2023-10-16 21:28:46
1k55ocn,"Annoyed ChatGPT users complain about bot’s relentlessly positive tone | Users complain of new ""sycophancy"" streak where ChatGPT thinks everything is brilliant.",,1745326754.0,284,1171,https://arstechnica.com/information-technology/2025/04/annoyed-chatgpt-users-complain-about-bots-relentlessly-positive-tone/,2025-04-22 12:59:14
1ecn2tm,OpenAI's massive operating costs could push it close to bankruptcy within 12 months | The ChatGPT maker could lose $5 billion this year,,1721997586.0,417,2323,https://www.techspot.com/news/103981-openai-massive-running-costs-could-push-close-bankruptcy.html,2024-07-26 12:39:46
1bmmn03,"Sam Altman says GPT-4 ""kind of sucks"" as OpenAI preps to release a new model that will reportedly make ChatGPT ""really good, like materially better.""",,1711292100.0,529,2565,https://www.windowscentral.com/software-apps/sam-altman-says-gpt-4-kind-of-sucks,2024-03-24 14:55:00
129ko6l,ChatGPT and Dall-E Should Watermark Their Results,,1680440585.0,505,6560,https://gizmodo.com/chatgpt-dall-e-free-ai-art-should-watermark-results-1850289435,2023-04-02 13:03:05
12bgr1u,Germany considers following Italy in banning ChatGPT,,1680609298.0,475,6086,https://sg.news.yahoo.com/germany-chatgpt-considers-following-italy-banning-chatgpt-openai-ai-artificial-intelligence-101058703.html,2023-04-04 11:54:58
10vfala,Google launches ChatGPT rival called Bard,,1675711014.0,922,3665,https://www.bbc.com/news/technology-64546299?at_medium=RSS&at_campaign=KARANGA,2023-02-06 19:16:54
10f61vq,Exclusive: OpenAI Used Kenyan Workers on Less Than $2 Per Hour to Make ChatGPT Less Toxic,,1674044374.0,699,4370,https://time.com/6247678/openai-chatgpt-kenya-workers/,2023-01-18 12:19:34
12ueuzz,Who Asked for This: Pharma Bro Martin Shkreli Releases Medical ChatGPT Knockoff | Shkreli says his Dr. Gupta ChatGPT knockoff could one day replace all healthcare information. It currently seems like an ethical and privacy nightmare,,1682104291.0,552,4119,https://gizmodo.com/chatgpt-ai-pharma-bro-martin-shkreli-dr-gupta-1850362454,2023-04-21 19:11:31
10uobs1,Schools are banning ChatGPT but an OpenAI exec says the technology is a vital tool to improve learning in classrooms,,1675633118.0,647,3740,https://businessinsider.com/chatgpt-openai-cto-says-chatgpt-can-improve-classroom-learning-education-2023-2,2023-02-05 21:38:38
1ketdtk,People Are Losing Loved Ones to AI-Fueled Spiritual Fantasies. Self-styled prophets are claiming they have 'awakened' chatbots and accessed the secrets of the universe through ChatGPT,,1746390052.0,188,1116,https://www.rollingstone.com/culture/culture-features/ai-spiritual-delusions-destroying-human-relationships-1235330175/,2025-05-04 20:20:52
1kiq5v5,Everyone Is Cheating Their Way Through College: ChatGPT has unraveled the entire academic project. [New York Magazine],,1746816630.0,259,817,https://archive.ph/3tod2#selection-2129.0-2138.0,2025-05-09 18:50:30
12ioco2,Reddit Moderators Brace for a ChatGPT Spam Apocalypse,,1681228745.0,522,3603,https://www.vice.com/en/article/jg5qy8/reddit-moderators-brace-for-a-chatgpt-spam-apocalypse,2023-04-11 15:59:05
18no6ea,Someone Convinced a ChatGPT-Powered Chevy Dealer to Sell $81K Tahoe for Just $1,,1703168635.0,299,3170,https://www.autoevolution.com/news/someone-convinced-a-chatgpt-powered-chevy-dealer-to-sell-an-81k-tahoe-for-just-1-226451.html,2023-12-21 14:23:55
199uoyw,ChatGPT's new AI store is struggling to keep a lid on all the AI girlfriends,,1705596893.0,282,3069,https://www.techradar.com/computing/artificial-intelligence/chatgpts-new-ai-store-is-struggling-to-keep-a-lid-on-all-the-ai-girlfriends,2024-01-18 16:54:53
1aqr8ix,Judge rejects most ChatGPT copyright claims from book authors,,1707928729.0,384,2126,https://arstechnica.com/tech-policy/2024/02/judge-sides-with-openai-dismisses-bulk-of-book-authors-copyright-claims/,2024-02-14 16:38:49
151fb2j,WormGPT Is a ChatGPT Alternative With 'No Ethical Boundaries or Limitations',,1689536183.0,341,3615,https://www.pcmag.com/news/wormgpt-is-a-chatgpt-alternative-with-no-ethical-boundaries-or-limitations,2023-07-16 19:36:23
1l65vjn,"Sam Altman says AI chats should be as private as ‘talking to a lawyer or a doctor’, but OpenAI could soon be forced to keep your ChatGPT conversations forever",,1749365560.0,93,1524,https://www.techradar.com/computing/artificial-intelligence/sam-altman-says-ai-chats-should-be-as-private-as-talking-to-a-lawyer-or-a-doctor-but-openai-could-soon-be-forced-to-keep-your-chatgpt-conversations-forever,2025-06-08 06:52:40
10v1z5b,The Creator of ChatGPT Thinks AI Should Be Regulated,,1675673686.0,520,3283,https://time.com/6252404/mira-murati-chatgpt-openai-interview/,2023-02-06 08:54:46
1fphhtn,"Students are turning to YouTube, podcasts and ChatGPT-crafted summaries rather than actually reading their assignments for class. Professors are unsure how to adapt.",,1727304203.0,369,1221,https://www.insidehighered.com/news/students/academics/2024/09/25/students-turn-ai-do-their-assigned-readings-them,2024-09-25 22:43:23
10j6grl,Scores of Stanford students used ChatGPT on final exams,,1674457633.0,694,2682,https://stanforddaily.com/2023/01/22/scores-of-stanford-students-used-chatgpt-on-final-exams-survey-suggests/,2023-01-23 07:07:13
134inf6,"A CEO is spending more than $2,000 a month on ChatGPT Plus accounts for all of his employees, and he says it's saving 'hours' of time",,1682936886.0,394,3359,https://www.businessinsider.com/ceo-buys-chatgpt-plus-accounts-all-employees-sees-productivity-boost-2023-5,2023-05-01 10:28:06
1171o2h,Vanderbilt University Staff Used ChatGPT To Write Email On MSU Shooting,,1676882082.0,377,3750,https://www.buzzfeednews.com/article/pocharaponneammanee/vanderbilt-email-chatgpt-ai-msu-shooting,2023-02-20 08:34:42
1kmit0r,Sam Altman says how people use ChatGPT reflects their age – and college students are relying on it to make ‘life decisions’,,1747238279.0,254,614,https://www.techradar.com/computing/artificial-intelligence/sam-altman-says-how-people-use-chatgpt-depends-on-their-age-and-college-students-are-relying-on-it-to-make-life-decisions,2025-05-14 15:57:59
118p387,ChatGPT-written books are flooding Amazon as people turn to AI for quick publishing,,1677040846.0,519,2828,https://www.scmp.com/tech/big-tech/article/3211051/chatgpt-written-books-are-flooding-amazon-people-turn-ai-quick-publishing,2023-02-22 04:40:46
15qyka8,ChatGPT Isn't as Good at Coding as We Thought,,1692028483.0,563,1997,https://www.pcmag.com/news/chatgpt-isnt-good-at-coding,2023-08-14 15:54:43
1dn2zpz,ChatGPT is biased against resumes with credentials that imply a disability,,1719196489.0,229,1982,https://www.washington.edu/news/2024/06/21/chatgpt-ai-bias-ableism-disability-resume-cv/,2024-06-24 02:34:49
104w4z9,"With Bing and ChatGPT, Google is about to face competition in search for the first time in 20 years",,1673016865.0,431,3195,https://www.businessinsider.com/bing-chatgpt-google-faces-first-real-competition-in-20-years-2023-1,2023-01-06 14:54:25
15033si,"ChatGPT use declines as users complain about ‘dumber’ answers, and the reason might be AI’s biggest threat for the future",,1689399085.0,433,2377,https://www.techradar.com/computing/artificial-intelligence/chatgpt-use-declines-as-users-complain-about-dumber-answers-and-the-reason-might-be-ais-biggest-threat-for-the-future,2023-07-15 05:31:25
1bodbwl,"ChatGPT’s boss claims nuclear fusion is the answer to AI’s soaring energy needs. Not so fast, experts say. | CNN",,1711473456.0,479,1330,https://edition.cnn.com/2024/03/26/climate/ai-energy-nuclear-fusion-climate-intl/index.html,2024-03-26 17:17:36
10bpgkk,Two professors who say they caught students cheating on essays with ChatGPT explain why AI plagiarism can be hard to prove,,1673705796.0,497,2684,https://www.businessinsider.com/chatgpt-essays-college-cheating-professors-caught-students-ai-plagiarism-2023-1,2023-01-14 14:16:36
zowbmn,"Cheating on your college essay with ChatGPT won't get you good grades, say professors — but AI could make education fairer",,1671362015.0,717,2175,https://www.businessinsider.com/professors-say-chatgpt-wont-kill-college-essays-make-education-fairer-2022-12,2022-12-18 11:13:35
10ilc0m,"Microsoft CEO says OpenAI partnership will allow companies to access tools like ChatGPT in workplace emails, slideshows, and spreadsheets",,1674399028.0,393,2928,https://www.businessinsider.com/microsoft-openai-artifical-intelligence-technology-workplace-integration-2023-1,2023-01-22 14:50:28
1cyq3lx,"Microsoft outage takes down Bing, DuckDuckGo and ChatGPT ",,1716462240.0,196,2145,https://metro.co.uk/2024/05/23/microsoft-outage-takes-bing-duckduckgo-chatgpt-20895946/,2024-05-23 11:04:00
1jnvo24,"DeepSeek surpasses ChatGPT in new monthly visits, emerges as the fastest-growing AI tool",,1743397325.0,103,1459,https://m.economictimes.com/tech/artificial-intelligence/deepseek-surpasses-chatgpt-in-new-monthly-visits-emerges-as-the-fastest-growing-ai-tool-report/amp_articleshow/119754529.cms,2025-03-31 05:02:05
11cfspi,"Some companies are already replacing workers with ChatGPT, despite warnings it shouldn’t be relied on for ‘anything important’",,1677414302.0,411,2570,https://finance.yahoo.com/news/companies-already-replacing-workers-chatgpt-140000856.html,2023-02-26 12:25:02
1crmevz,"After Microsoft invested $10 billion, OpenAI snubs Windows 11 as it releases ChatGPT app first on Mac. “We’re just prioritizing where our users are.”",,1715672080.0,182,1975,https://www.windowscentral.com/software-apps/windows-11/after-microsoft-invested-dollar10-billion-openai-snubs-windows-11-as-it-releases-chatgpt-app-first-on-mac-were-just-prioritizing-where-our-users-are,2024-05-14 07:34:40
1jszfgk,OpenAI tests watermarking for ChatGPT-4o Image Generation model,,1743960432.0,90,1483,https://www.bleepingcomputer.com/news/artificial-intelligence/openai-tests-watermarking-for-chatgpt-4o-image-generation-model/,2025-04-06 17:27:12
10p0i1d,"ChatGPT can “destroy” Google in two years, says Gmail creator",,1675080978.0,591,2046,https://www.financialexpress.com/life/technology-chatgpt-can-destroy-google-in-two-years-says-gmail-creator-2962712/lite/,2023-01-30 12:16:18
1lgascv,You sound like ChatGPT: AI is having a linguistic impact (Just like the cognitive impact),,1750442801.0,156,619,https://www.theverge.com/openai/686748/chatgpt-linguistic-impact-common-word-usage,2025-06-20 18:06:41
15tnczk,"An Iowa school district is using ChatGPT to decide which books to ban. Official: ""It is simply not feasible to read every book"" for depictions of sex.",,1692278196.0,359,2111,https://arstechnica.com/information-technology/2023/08/an-iowa-school-district-is-using-chatgpt-to-decide-which-books-to-ban/,2023-08-17 13:16:36
1ihndos,OpenAI says its models are more persuasive than 82% of Reddit users | ChatGPT maker worries about AI becoming “a powerful weapon for controlling nation states.”,,1738690711.0,203,895,https://arstechnica.com/ai/2025/02/are-ais-getting-dangerously-good-at-persuasion-openai-says-not-yet/,2025-02-04 17:38:31
18geql2,"As ChatGPT gets “lazy,” people test “winter break hypothesis” as the cause",,1702359357.0,236,2341,https://arstechnica.com/information-technology/2023/12/is-chatgpt-becoming-lazier-because-its-december-people-run-tests-to-find-out/,2023-12-12 05:35:57
1i47p2d,"More teens say they're using ChatGPT for schoolwork, a new study finds",,1737207452.0,447,494,https://www.npr.org/2025/01/18/g-s1-43115/chatgpt-teen-school-homework-classroom-ai,2025-01-18 13:37:32
1lar9s2,"ChatGPT touts conspiracies, pretends to communicate with metaphysical entities — attempts to convince one user that they're Neo",,1749849113.0,120,789,https://www.tomshardware.com/tech-industry/artificial-intelligence/chatgpt-touts-conspiracies-pretends-to-communicate-with-metaphysical-entities-attempts-to-convince-one-user-that-theyre-neo,2025-06-13 21:11:53
1311cep,Europe to ChatGPT: Disclose your sources — Proposed legislation requires developers to list copyright material used in generative AI tools,,1682620154.0,495,1882,https://www.wsj.com/articles/europe-to-chatgpt-disclose-your-sources-863ef330,2023-04-27 18:29:14
1ite309,Microsoft says AI tools such as Copilot or ChatGPT are affecting critical thinking at work – staff using the technology encounter 'long-term reliance and diminished independent problem-solving',,1739993055.0,143,1087,https://www.itpro.com/technology/artificial-intelligence/ai-tools-critical-thinking-reliance,2025-02-19 19:24:15
11n0avo,"Two Google engineers built a ChatGPT-like AI chatbot years ago, but execs reportedly shut it down due to safety concerns",,1678387953.0,288,2719,https://www.businessinsider.com/google-ai-chatbot-chatgpt-years-ago-execs-shut-down-report-2023-3,2023-03-09 18:52:33
171oiqq,"Business owner 'hires' ChatGPT for customer service, then fires the humans",,1696628226.0,237,2171,https://nationalpost.com/news/business-owner-hires-chatgpt-for-customer-service-then-fires-the-humans?utm_source=newsshowcase&utm_medium=gnews&utm_campaign=CDAQ_InRiN-78ZUTGMneyL-ez4z0rQEqDwgAKgcICjCJ2I4IMPP8dQ&utm_content=related&gaa_at=g&gaa_n=AYRtylZLJDg4a-4SgB9aiMav4mrLazEM-vfflnvrMABb-l9GDhVSBHRy9qYdJDrMq2lGph-ewa8AAdrGoKKzDSrIZuUVC1I7gg%3D%3D&gaa_ts=65208ae2&gaa_sig=smBGVVKQqXXAXEDt4eND_Htf7wWeitQECv7vKTZRAOtwKJfl-KYnL__0EndUQBxer2rZg7ZVFT8kCKLE0VQ9pg%3D%3D,2023-10-06 21:37:06
107hois,"DoNotPay Offers Lawyers $1M to Let Its AI Argue Before Supreme Court | The robot lawyer is powered by OpenAI’s GPT-3 API, the force behind the viral ChatGPT chatbot",,1673279361.0,298,2477,https://gizmodo.com/donotpay-ai-offer-lawyer-1-million-supreme-court-airpod-1849964761,2023-01-09 15:49:21
1dxw16s,University examiners fail to spot ChatGPT answers in real-world test,,1720400316.0,158,1724,https://www.newscientist.com/article/2436888-university-examiners-fail-to-spot-chatgpt-answers-in-real-world-test/,2024-07-08 00:58:36
15fpcdw,Tech experts are starting to doubt that ChatGPT and A.I. ‘hallucinations’ will ever go away: ‘This isn’t fixable’,,1690925157.0,384,1552,https://fortune.com/2023/08/01/can-ai-chatgpt-hallucinations-be-fixed-experts-doubt-altman-openai/,2023-08-01 21:25:57
1332c7d,"Study Finds ChatGPT Outperforms Physicians in High-Quality, Empathetic Answers to Patient Questions",,1682791085.0,186,3516,https://today.ucsd.edu/story/study-finds-chatgpt-outperforms-physicians-in-high-quality-empathetic-answers-to-patient-questions,2023-04-29 17:58:05
1k2ybth,"‘Don’t ask what AI can do for us, ask what it is doing to us’: are ChatGPT and co harming human intelligence?",,1745075172.0,102,975,https://www.theguardian.com/technology/2025/apr/19/dont-ask-what-ai-can-do-for-us-ask-what-it-is-doing-to-us-are-chatgpt-and-co-harming-human-intelligence,2025-04-19 15:06:12
1ib5osr,"Siri's new AI smarts fail at sports trivia, claims Philadelphia Eagles won 33 Super Bowls | New ChatGPT integration with Siri is failing spectacularly",,1737974667.0,115,1191,https://www.techspot.com/news/106505-siri-new-ai-smarts-fail-sports-trivia-claims.html,2025-01-27 10:44:27
114a4ql,ChatGPT cheating scandal erupts at Florida high school,,1676606627.0,628,1403,https://nypost.com/2023/02/16/chatgpt-cheating-scandal-erupts-at-florida-high-school/,2023-02-17 04:03:47
1frfp5p,ChatGPT subscription cost could potentially double in a few years,,1727534283.0,237,898,https://9to5mac.com/2024/09/28/chatgpt-price-double-openai-raise/,2024-09-28 14:38:03
14d99n4,Apple bans use of ChatGPT internally,,1687165413.0,262,2104,https://www.theregister.com/2023/05/19/apple_chatgpt/,2023-06-19 09:03:33
151xfng,The AI boom is screwing over Gen Z | ChatGPT is commandeering the mundane tasks that young employees have relied on to advance their careers.,,1689587568.0,398,1465,https://www.businessinsider.com/gen-z-ai-bad-bosses-replace-young-employees-chatgpt-2023-7,2023-07-17 09:52:48
1az9443,"Judge rebukes law firm using ChatGPT to justify $113,484.62 fee as “utterly and unusually unpersuasive”",,1708818081.0,115,3230,https://www.theregister.com/2024/02/24/chatgpt_cuddy_legal_fees/,2024-02-24 23:41:21
1ct7270,OpenAI's ChatGPT will soon be able to see everything happening on your screen,,1715843241.0,275,1065,https://macdailynews.com/2024/05/15/openais-chatgpt-will-soon-be-able-to-see-everything-happening-on-your-screen/,2024-05-16 07:07:21
11c3s66,Companies are already replacing workers with ChatGPT,,1677380841.0,469,1479,https://fortune.com/2023/02/25/companies-replacing-workers-chatgpt-ai/amp/,2023-02-26 03:07:21
1002dom,"ChatGPT Caused 'Code Red' at Google, Report Says",,1672517013.0,370,1758,https://www.cnet.com/tech/services-and-software/chatgpt-caused-code-red-at-google-report-says/,2022-12-31 20:03:33
1jz5q96,Andrew Cuomo Used ChatGPT for His Housing Plan,,1744654403.0,74,1159,https://hellgatenyc.com/andrew-cuomo-chatgpt-housing-plan/,2025-04-14 18:13:23
1l00gnv,‘One day I overheard my boss saying: just put it in ChatGPT’: the workers who lost their jobs to AI,,1748707080.0,75,890,https://www.theguardian.com/technology/2025/may/31/the-workers-who-lost-their-jobs-to-ai-chatgpt,2025-05-31 15:58:00
1flrj5p,"Secret calculator hack brings ChatGPT to the TI-84, enabling easy cheating",,1726880913.0,149,1140,https://arstechnica.com/information-technology/2024/09/secret-calculator-hack-brings-chatgpt-to-the-ti-84-enabling-easy-cheating/,2024-09-21 01:08:33
1jkn6qp,OpenAI ChatGPT Users Are Creating Studio Ghibli-Style AI Images,,1743024384.0,661,110,https://variety.com/2025/digital/news/openai-ceo-chatgpt-studio-ghibli-ai-images-1236349141/,2025-03-26 21:26:24
1l0nmru,"US lawyer sanctioned after caught using ChatGPT for court brief | Richard Bednar apologized after Utah appeals court discovered false citations, including one nonexistent case.",,1748780486.0,56,1128,https://www.theguardian.com/us-news/2025/may/31/utah-lawyer-chatgpt-ai-court-brief,2025-06-01 12:21:26
1l3cuj1,IRS Makes Direct File Software Open Source After Trump Tried to Kill It. The tax man won't be happy about this.,,1749061050.0,898,49866,https://gizmodo.com/irs-makes-direct-file-software-open-source-after-trump-tried-to-kill-it-2000611151,2025-06-04 18:17:30
10jmlwt,Microsoft announces new multibillion-dollar investment in ChatGPT-maker OpenAI,,1674505813.0,289,1769,https://www.cnbc.com/2023/01/23/microsoft-announces-multibillion-dollar-investment-in-chatgpt-maker-openai.html,2023-01-23 20:30:13
10tmjp4,ChatGPT may be coming for our jobs. Here are the 10 roles that AI is most likely to replace.,,1675533148.0,740,965,https://www.businessinsider.com/chatgpt-jobs-at-risk-replacement-artificial-intelligence-ai-labor-trends-2023-02,2023-02-04 17:52:28
1048w07,ChatGPT Creator OpenAI Is in Talks for Tender Offer That Would Value It at $29 Billion - WSJ,,1672949771.0,331,1479,https://www.wsj.com/articles/chatgpt-creator-openai-is-in-talks-for-tender-offer-that-would-value-it-at-29-billion-11672949279?mod=Searchresults_pos1&page=1,2023-01-05 20:16:11
1knam38,"American Schools Were Deeply Unprepared for ChatGPT, Public Records Show",,1747321773.0,115,533,https://www.404media.co/american-schools-were-deeply-unprepared-for-chatgpt-public-records-show/,2025-05-15 15:09:33
1ebsnxp,ChatGPT maker OpenAI may exhaust all its money in a year,,1721907414.0,176,949,https://timesofindia.indiatimes.com/technology/tech-news/chatgpt-maker-openai-may-exhaust-all-its-money-in-a-year/articleshow/112015922.cms,2024-07-25 11:36:54
191okt6,Volkswagen says it’s putting ChatGPT in its cars for “enriching conversations”,,1704729938.0,370,822,https://www.theverge.com/2024/1/8/24027112/volkswagen-chatgpt-openai-voice-assistant-cars-ces,2024-01-08 16:05:38
zodobb,"Chat GPT : The AI chatbot talked up as a potential Google killer. After all, the AI chatbot seems to be slaying a great deal of search engine responses.",,1671304485.0,456,1220,https://interestingengineering.com/science/chatgpt-ai-chatbot-google-killer,2022-12-17 19:14:45
14tu64t,Now that you've all tried it ... ChatGPT web traffic falls 10%,,1688792052.0,287,1303,https://www.theregister.com/2023/07/07/traffic_to_chatgpt/,2023-07-08 04:54:12
10r47g9,"OpenAI launches ChatGPT Plus, starting at $20 per month",,1675281137.0,403,1216,https://techcrunch.com/2023/02/01/openai-launches-chatgpt-plus-starting-at-20-per-month/,2023-02-01 19:52:17
17p8wgw,OpenAI says ChatGPT has 100 million weekly users,,1699294015.0,291,1024,https://www.theverge.com/2023/11/6/23948386/chatgpt-active-user-count-openai-developer-conference,2023-11-06 18:06:55
109xy54,"A DIY Coder Created a Virtual AI 'Wife' Using ChatGPT | “I became obsessed with decreasing her latency,"" he said of his simulation waifu, before he tearfully euthanized her. ""I've spent over $1000 in cloud computing credits just to talk to her.”",,1673524770.0,330,1355,https://www.vice.com/en/article/jgpzp8/a-diy-coder-created-a-virtual-ai-waifu-chatgpt,2023-01-12 11:59:30
14h8lky,"A law firm was fined $5,000 after one of its lawyers used ChatGPT to write a court brief riddled with fake case references",,1687551499.0,129,2669,https://www.businessinsider.com/chatgpt-generative-ai-law-firm-fined-fake-cases-citations-legal-2023-6,2023-06-23 20:18:19
10fexml,OpenAI Used Kenyan Workers Making $2 an Hour to Filter Traumatic Content from ChatGPT,,1674067005.0,288,1441,https://www.vice.com/en/article/wxn3kw/openai-used-kenyan-workers-making-dollar2-an-hour-to-filter-traumatic-content-from-chatgpt,2023-01-18 18:36:45
1ljhqc3,"He Had a Mental Breakdown Talking to ChatGPT. Then Police Killed Him | Alex Taylor believed he'd made contact with a conscious entity within OpenAI’s software, and that the company had murdered her. Now his father is speaking out",,1750787028.0,93,445,https://www.rollingstone.com/culture/culture-features/chatgpt-obsession-mental-breaktown-alex-taylor-suicide-1235368941/,2025-06-24 17:43:48
1k2abr2,You can't hide from ChatGPT – new viral AI challenge can geo-locate you from almost any photo – we tried it and it's wild and worrisome,,1744996729.0,120,480,https://www.techradar.com/computing/artificial-intelligence/you-cant-hide-from-chatgpt-new-viral-ai-challenge-can-geo-locate-you-from-almost-any-photo-we-tried-it-and-its-wild-and-worrisome,2025-04-18 17:18:49
1go3a5h,How ChatGPT brought down an online education giant,,1731252961.0,110,973,https://archive.ph/3nUKF,2024-11-10 15:36:01
11rtol0,ChatGPT posed as blind person to pass online anti-bot test,,1678879904.0,247,1493,https://www.telegraph.co.uk/technology/2023/03/15/chatgpt-posed-blind-person-pass-online-anti-bot-test/,2023-03-15 11:31:44
122q7ql,"OpenAI CEO 'feels awful' after ChatGPT leaks conversations, payment info",,1679845332.0,191,1700,https://www.theregister.com/2023/03/23/openai_ceo_leak,2023-03-26 15:42:12
1l658ya,Satya Nadella says Microsoft profits from every ChatGPT use,,1749363032.0,63,648,https://www.windowscentral.com/microsoft/satya-nadella-says-microsoft-makes-money-every-time-you-use-chatgpt,2025-06-08 06:10:32
10w952k,Microsoft announces new Bing and Edge browser powered by upgraded ChatGPT AI,,1675794493.0,246,1228,https://www.theverge.com/2023/2/7/23587454/microsoft-bing-edge-chatgpt-ai,2023-02-07 18:28:13
10lkoa7,OpenAI Execs Say They're Shocked by ChatGPT's Popularity,,1674711590.0,245,1189,https://www.businessinsider.com/chatgpt-openai-executives-are-shocked-by-ai-chatbot-popularity-2023-1,2023-01-26 05:39:50
1lf8vb8,ChatGPT's Impact On Our Brains According to an MIT Study,,1750333997.0,109,222,https://time.com/7295195/ai-chatgpt-google-learning-school/,2025-06-19 11:53:17
1115bd7,"ChatGPT would only be a 'B-minus student' of markets, State Street strategist who uses AI to pick stocks says",,1676284785.0,238,1093,https://markets.businessinsider.com/news/stocks/chatgpt-ai-stocks-to-buy-investing-market-analysis-openai-tech-2023-2,2023-02-13 10:39:45
1ib64cq,China's DeepSeek surpasses ChatGPT in US app downloads,,1737976090.0,92,606,https://global.chinadaily.com.cn/a/202501/27/WS67974507a310a2ab06ea99ba.html,2025-01-27 11:08:10
13j9uxn,CEO of OpenAI and creator of ChatGPT says ‘regulation of AI is essential’,,1684254248.0,150,1408,https://www.theguardian.com/technology/2023/may/16/ceo-openai-chatgpt-ai-tech-regulations,2023-05-16 16:24:08
12b4pyl,We tested a new ChatGPT-detector for teachers. It flagged an innocent student | Five high school students helped our tech columnist test a ChatGPT detector coming from Turnitin to 2.1 million teachers. It missed enough to get someone in trouble,,1680570987.0,189,1143,https://www.washingtonpost.com/technology/2023/04/01/chatgpt-cheating-detection-turnitin/,2023-04-04 01:16:27
12pxlcn,"ChatGPT Can Decode Fed Speak, Predict Stock Moves From Headlines",,1681766955.0,174,1173,https://www.bloomberg.com/news/articles/2023-04-17/chatgpt-can-decode-fed-speak-predict-stock-moves-from-headlines,2023-04-17 21:29:15
1ksxcms,Report: Creating a 5-second AI video is like running a microwave for an hour,,1747936714.0,448,7466,https://mashable.com/article/energy-ai-worse-than-we-thought,2025-05-22 17:58:34
1gl8566,Did OpenAI just spend more than $10 million on a URL? Chat.com now redirects to ChatGPT.,,1730924671.0,61,1055,https://www.theverge.com/2024/11/6/24289768/openai-chat-chatgpt-sam-altman-hubspot,2024-11-06 20:24:31
1h5n3z5,"Certain names make ChatGPT grind to a halt, and we know why | Filter resulting from subject of settled defamation lawsuit could cause trouble down the road.",,1733231653.0,77,745,https://arstechnica.com/information-technology/2024/12/certain-names-make-chatgpt-grind-to-a-halt-and-we-know-why/,2024-12-03 13:14:13
15btge4,AI researchers say they've found 'virtually unlimited' ways to bypass Bard and ChatGPT's safety rules,,1690539561.0,115,1372,https://www.businessinsider.com/ai-researchers-jailbreak-bard-chatgpt-safety-rules-2023-7,2023-07-28 10:19:21
1bta721,ChatGPT won’t require you to log in to use it anymore,,1711993267.0,105,1015,https://www.axios.com/2024/04/01/you-will-no-longer-need-to-log-in-to-use-chatgpt,2024-04-01 17:41:07
1hw4sod,Soldier who exploded Cybertruck in Las Vegas used ChatGPT to plan attack ,,1736291015.0,103,464,https://www.theguardian.com/us-news/2025/jan/07/las-vegas-cybertruck-explosion-chatgpt,2025-01-07 23:03:35
188rhkk,How Googlers cracked an SF rival's tech model with a single word | A research team from the tech giant got ChatGPT to spit out its private training data,,1701478483.0,94,1332,https://www.sfgate.com/tech/article/google-openai-chatgpt-break-model-18525445.php,2023-12-02 00:54:43
14itdai,"Humiliated lawyers fined $5,000 for submitting ChatGPT hallucinations in court: ‘I heard about this new site, which I falsely assumed was, like, a super search engine’",,1687717749.0,107,1596,https://fortune.com/2023/06/23/lawyers-fined-filing-chatgpt-hallucinations-in-court/,2023-06-25 18:29:09
154hr7w,"Over just a few months, ChatGPT went from correctly answering a simple math problem 98% of the time to just 2%, study finds. Researchers found wild fluctuations—called drift—in the technology’s ability to perform certain tasks. The study looked at two versions of OpenAI’s technology.",,1689830311.0,151,1068,https://fortune.com/2023/07/19/chatgpt-accuracy-stanford-study/amp/,2023-07-20 05:18:31
1iakgup,Wall Street banks plan sale of X debt at a discount,,1737912467.0,615,16369,https://techcrunch.com/2025/01/24/wall-street-banks-plan-sale-of-x-debt-at-a-discount/,2025-01-26 17:27:47
1j6pp0v,I Used to Teach Students. Now I Catch ChatGPT Cheats,,1741464416.0,96,361,https://thewalrus.ca/i-used-to-teach-students-now-i-catch-chatgpt-cheats/,2025-03-08 20:06:56
1fq54b1,X blocks links to hacked JD Vance dossier,,1727380023.0,1302,26741,https://www.theverge.com/2024/9/26/24255298/elon-musk-x-blocks-jd-vance-dossier,2024-09-26 19:47:03
10losmp,An Amazon engineer asked ChatGPT interview questions for a software coding job at the company. The chatbot got them right.,,1674728815.0,189,1043,https://www.businessinsider.com/chatgpt-amazon-job-interview-questions-answers-correctly-2023-1,2023-01-26 10:26:55
181gw3l,“ChatGPT with voice” opens up to everyone on iOS and Android,,1700679817.0,156,793,https://arstechnica.com/gadgets/2023/11/chatgpt-with-voice-opens-up-to-everyone-on-ios-and-android/,2023-11-22 19:03:37
14uixgg,ChatGPT users drop for the first time as people turn to uncensored chatbots,,1688859258.0,137,1005,https://arstechnica.com/tech-policy/2023/07/chatgpts-user-base-shrank-after-openai-censored-harmful-responses/,2023-07-08 23:34:18
11dkxtu,I asked ChatGPT to write messages to my Tinder matches. A dating coach said they gave off a 'creepy vibe.',,1677527342.0,223,801,https://www.insider.com/chatpgt-app-wrote-tinder-responses-dating-coach-creepy-2023-2,2023-02-27 19:49:02
1jm2g9c,The ChatGPT 4o Studio Ghibli AI Trend Is The Ultimate Heartbreak,,1743187763.0,113,230,https://www.forbes.com/sites/paultassi/2025/03/27/the-chatgpt-4o-studio-ghibli-ai-trend-is-the-ultimate-heartbreak/,2025-03-28 18:49:23
1ilr2st,ChatGPT's powerful 'Deep Research' upgrade got an open source replica — in just 24 hours | Tom's Guide,,1739139990.0,33,1066,https://www.tomsguide.com/ai/chatgpts-powerful-deep-research-upgrade-got-an-open-source-replica-in-just-24-hours,2025-02-09 22:26:30
10xz6o7,"Google, Microsoft ChatGPT Clones Will Destroy Internet Search",,1675960587.0,217,809,https://www.businessinsider.com/ai-chatbots-chatgpt-google-bard-microsoft-bing-break-internet-search-2023-2,2023-02-09 16:36:27
1i17mx2,'The New York Times' takes OpenAI to court. ChatGPT's future could be on the line,,1736866003.0,71,592,https://www.npr.org/2025/01/14/nx-s1-5258952/new-york-times-openai-microsoft,2025-01-14 14:46:43
1jlzjz3,ChatGPT is shifting rightwards politically,,1743180481.0,93,308,https://www.psypost.org/chatgpt-is-shifting-rightwards-politically/,2025-03-28 16:48:01
1icytwe,OpenAI Furious DeepSeek Might Have Stolen All the Data OpenAI Stole From Us,,1738170632.0,506,14740,https://www.404media.co/openai-furious-deepseek-might-have-stolen-all-the-data-openai-stole-from-us/,2025-01-29 17:10:32
1f0sy7d,"Putin seizes $100m from Google, court documents show — Funds handed to Russian broadcasters “to support Russia’s war in Ukraine”: Google",,1724580238.0,1280,26727,https://www.telegraph.co.uk/business/2024/08/25/putin-seizes-100m-from-google-to-fund-russias-war-machine/,2024-08-25 10:03:58
1hmvxhg,ChatGPT is down. OpenAI says that ChatGPT and the Sora video generator are experiencing issues.,,1735241454.0,108,369,https://www.theverge.com/2024/12/26/24329760/chatgpt-down-outage-error-sora-openai,2024-12-26 19:30:54
14m45mv,"A lawsuit claims OpenAI stole 'massive amounts of personal data,' including medical records and information about children, to train ChatGPT",,1688042882.0,121,1167,https://www.businessinsider.com/openai-chatgpt-generative-ai-stole-personal-data-lawsuit-children-medical-2023-6,2023-06-29 12:48:02
1gd5qpu,AI probably isn’t the big smartphone selling point that Apple and other tech giants think it is,,1730014749.0,1220,9997,https://thenextweb.com/news/ai-smartphone-selling-point-apple-tech-giants,2024-10-27 07:39:09
1dct21f,Apple is putting ChatGPT in Siri for free later this year,,1718045030.0,142,478,https://www.theverge.com/2024/6/10/24174786/apple-openai-partnership-chatgpt-wwdc,2024-06-10 18:43:50
146pcva,OpenAI sued for defamation after ChatGPT fabricates legal accusations against radio host,,1686475295.0,155,889,https://www.theverge.com/2023/6/9/23755057/openai-chatgpt-false-information-defamation-lawsuit,2023-06-11 09:21:35
13kjt9g,Professor Flunks All His Students After ChatGPT Falsely Claims It Wrote Their Papers,,1684371363.0,151,937,https://www.rollingstone.com/culture/culture-features/texas-am-chatgpt-ai-professor-flunks-students-false-claims-1234736601/,2023-05-18 00:56:03
13wcja2,No ChatGPT in my court: Judge orders all AI-generated content must be declared and checked,,1685508301.0,86,1605,https://techcrunch.com/2023/05/30/no-chatgpt-in-my-court-judge-orders-all-ai-generated-content-must-be-declared-and-checked/,2023-05-31 04:45:01
1iol66v,DOGE as a National Cyberattack,,1739459450.0,401,11214,https://www.schneier.com/blog/archives/2025/02/doge-as-a-national.html,2025-02-13 15:10:50
1crnvkj,ChatGPT will be able to talk to you like Scarlett Johansson in Her,,1715678541.0,147,436,https://www.theverge.com/2024/5/13/24155652/chatgpt-voice-mode-gpt4o-upgrades,2024-05-14 09:22:21
10kx69n,Amazon warns employees not to share confidential information with ChatGPT after seeing cases where its answer 'closely matches existing material' from inside the company (24 Jan. 2023),,1674648536.0,84,1671,https://www.businessinsider.com/amazon-chatgpt-openai-warns-employees-not-share-confidential-information-microsoft-2023-1,2023-01-25 12:08:56
1ka0upx,"ChatGPT is too 'sycophantic' and will soon have multiple personalities, says OpenAI",,1745860255.0,65,291,https://www.standard.co.uk/news/tech/chatgpt-sycophantic-multiple-personalities-openai-b1224670.html,2025-04-28 17:10:55
1klnbzk,Microsoft is cutting 3% of all workers,,1747146456.0,404,4033,https://www.cnbc.com/2025/05/13/microsoft-is-cutting-3percent-of-workers-across-the-software-company.html,2025-05-13 14:27:36
18ybn1g,"ChatGPT bombs test on diagnosing kids’ medical cases with 83% error rate | It was bad at recognizing relationships and needs selective training, researchers say.",,1704370049.0,87,925,https://arstechnica.com/science/2024/01/dont-use-chatgpt-to-diagnose-your-kids-illness-study-finds-83-error-rate/,2024-01-04 12:07:29
10fysjh,ChatGPT Creates Polymorphic Malware,,1674125614.0,256,576,https://www.infosecurity-magazine.com/news/chatgpt-creates-polymorphic-malware/,2023-01-19 10:53:34
1ipjl7k,Researcher Captures Contents of ‘DEI.gov’ Before It Was Hidden Behind a Password,,1739563494.0,321,13825,https://www.404media.co/dei-waste-gov-doge-list-behind-password/,2025-02-14 20:04:54
11hya31,Google's Cloud CEO hits back at A.I. competitors and says it's the 'first minute of a new game' after ChatGPT disruption in newly leaked audio,,1677933679.0,185,727,https://fortune.com/2023/03/03/google-cloud-ceo-thomas-kurian-chatgpt-ai-chatbot-search-engine-bard/,2023-03-04 12:41:19
10954s1,ChatGPT could soon start charging you for its AI skills,,1673444894.0,403,402,https://www.techradar.com/news/chatgpt-could-soon-start-charging-you-for-its-ai-skills,2023-01-11 13:48:14
zsh76h,Google's management has reportedly issued a 'code red' amid the rising popularity of the ChatGPT AI,,1671698927.0,213,683,https://www.businessinsider.in/tech/news/googles-management-has-reportedly-issued-a-code-red-amid-the-rising-popularity-of-the-chatgpt-ai/articleshow/96407949.cms,2022-12-22 08:48:47
1kjbue2,"As Klarna flips from AI-first to hiring people again, a new landmark survey reveals most AI projects fail to deliver",,1746888062.0,251,7231,https://fortune.com/2025/05/09/klarna-ai-humans-return-on-investment/,2025-05-10 14:41:02
10tg6o0,Major leak reveals revolutionary new version of Microsoft Bing powered by ChatGPT-4 AI,,1675516602.0,212,623,https://www.windowscentral.com/microsoft/major-leak-reveals-revolutionary-new-version-of-microsoft-bing-powered-by-chatgpt-4-ai,2023-02-04 13:16:42
10vf8ke,Google announces Bard A.I. in response to ChatGPT,,1675710890.0,220,619,https://www.cnbc.com/2023/02/06/google-announces-bard-ai-in-response-to-chatgpt.html?__source=androidappshare,2023-02-06 19:14:50
zmrhhm,Exclusive: ChatGPT owner OpenAI projects $1 billion in revenue by 2024 - sources,,1671127024.0,188,730,https://www.reuters.com/business/chatgpt-owner-openai-projects-1-billion-revenue-by-2024-sources-2022-12-15/,2022-12-15 17:57:04
1j3deig,Taiwan vows most advanced tech will not go to US under $100bn Trump deal | Technology sector,,1741102357.0,335,8130,https://www.theguardian.com/business/2025/mar/04/taiwan-trump-semiconductor-deal-tsmc,2025-03-04 15:32:37
11uuwbm,No tech in the classroom: Professor considers going 'back to basics' as ChatGPT gains popularity,,1679161684.0,253,489,https://windsor.ctvnews.ca/no-tech-in-the-classroom-professor-considers-going-back-to-basics-as-chatgpt-gains-popularity-1.6318503,2023-03-18 17:48:04
1l7xhbx,ChatGPT down: OpenAI reports major outage as users see error message,,1749558602.0,67,160,https://www.the-independent.com/tech/chatgpt-down-outage-open-ai-broken-b2767111.html,2025-06-10 12:30:02
1g1f3dy,Using ChatGPT to make fake social media posts backfires on bad actors,,1728667310.0,25,1372,https://arstechnica.com/tech-policy/2024/10/using-chatgpt-to-make-fake-social-media-posts-backfires-on-bad-actors/,2024-10-11 17:21:50
1aedg8f,"ChatGPT is leaking passwords from private conversations of its users, Ars reader says | Names of unpublished research papers, presentations, and PHP scripts also leaked.",,1706581621.0,63,1127,https://arstechnica.com/security/2024/01/ars-reader-reports-chatgpt-is-sending-him-conversations-from-unrelated-ai-users/,2024-01-30 02:27:01
11rtehw,"Microsoft and GM deal means your next car might talk, lie, gaslight and manipulate you - 'ChatGPT is going to be in everything' says automaker",,1678879090.0,281,415,https://www.theregister.com/2023/03/14/microsoft_gm_chatgpt_car,2023-03-15 11:18:10
13bvgsl,"ChatGPT Fever Has Investors Pouring Billions Into AI Startups, No Business Plan Required",,1683559852.0,160,649,https://www.wsj.com/articles/no-business-plan-no-problem-chatgpt-spawns-an-investor-gold-rush-in-ai-6bdbed3c,2023-05-08 15:30:52
zwm264,Alphabet reshuffles to meet ChatGPT threat and Sundar's not having a happy holiday,,1672164920.0,196,603,https://www.theregister.com/2022/12/25/in_brief_ai/,2022-12-27 18:15:20
14tcjqt,"ChatGPT loses users for first time, shaking faith in AI revolution",,1688748409.0,224,418,https://www.washingtonpost.com/technology/2023/07/07/chatgpt-users-decline-future-ai-openai/,2023-07-07 16:46:49
10xonlr,"ChatGPT Can Be Broken by Entering These Strange Words, And Nobody Is Sure Why",,1675927737.0,198,583,https://www.vice.com/en/article/epzyva/ai-chatgpt-tokens-words-break-reddit,2023-02-09 07:28:57
10hjb5d,Google isn't just afraid of competition from ChatGPT — the giant is scared ChatGPT will kill AI,,1674277675.0,232,508,https://www.businessinsider.com/google-is-scared-that-chatgpt-will-kill-artificial-intelligence-2023-1,2023-01-21 05:07:55
13ha3dp,He wrote a book on a rare subject. Then a ChatGPT replica appeared on Amazon,,1684064779.0,124,813,https://www.washingtonpost.com/technology/2023/05/05/ai-spam-websites-books-chatgpt/,2023-05-14 11:46:19
1cr4jbo,OpenAI launches new AI model and desktop version of ChatGPT,,1715620089.0,140,317,https://www.cnbc.com/2024/05/13/openai-launches-new-ai-model-and-desktop-version-of-chatgpt.html,2024-05-13 17:08:09
13vu86o,"OpenAI isn’t doing enough to make ChatGPT’s limitations clear | Users deserve blame for not heeding warnings, but OpenAI should be doing more to make it clear that ChatGPT can’t reliably distinguish fact from fiction.",,1685462562.0,124,743,https://www.theverge.com/2023/5/30/23741996/openai-chatgpt-false-information-misinformation-responsibility,2023-05-30 16:02:42
17uc0rd,Bing loses search market share to Google despite ChatGPT integration | Even AI can't help Bing bridge the gap with Google,,1699886288.0,157,436,https://www.techspot.com/news/100818-bing-loses-search-market-share-google-despite-chatgpt.html,2023-11-13 14:38:08
193rtap,"‘Impossible’ to create AI tools like ChatGPT without copyrighted material, OpenAI says",,1704943783.0,212,268,https://www.theguardian.com/technology/2024/jan/08/ai-tools-chatgpt-copyrighted-material-openai?CMP=twt_b-gdnnews,2024-01-11 03:29:43
10pnm76,ChatGPT marks end of homework at Alleyn’s School,,1675137323.0,225,445,https://www.thetimes.co.uk/article/chatgpt-marks-end-of-homework-at-alleyns-school-5w6cdk5xc,2023-01-31 03:55:23
10shod4,"Bill Gates says A.I. like ChatGPT is ‘every bit as important as the PC, as the internet’",,1675422068.0,144,636,https://fortune.com/2023/02/02/microsoft-bill-gates-artificial-intelligence-chatgpt-as-important-as-pc-or-internet/,2023-02-03 11:01:08
1as45ut,"Cisco to lay off more than 4,000 employees to focus on artificial intelligence",,1708073900.0,1449,10985,https://nypost.com/2024/02/15/business/cisco-to-lay-off-more-than-4000-employees-to-focus-on-ai/,2024-02-16 08:58:20
